[
    {
        "question": "Qual a sigla do Instituto Nacional de Telecomunicacoes?",
        "options": ["ITA", "UFMG", "UNICAMP", "INATEL"],
        "correct_answer": 4
    },
    {
        "question": "Em que cidade o INATEL esta localizado?",
        "options": ["Rio de Janeiro", "Campinas", "Santa Rita do Sapucai", "Pouso Alegre"],
        "correct_answer": 3
    },
    {
        "question": "Qual area de estudo eh enfatizada no INATEL?",
        "options": ["Medicina", "Direito", "Engenharia", "Arquitetura"],
        "correct_answer": 3
    }
]
